month,metric,value,type,source,note
baseline,os_downloads,25,additive,fullstory,unique users: Word 16 + Excel 9 up to 2026-10-07; not splittable by month
2025-10,cs_chips,0,additive,"fullstory, segment 'Sin DEV (copy)' sjHJR3590z6j",single-month window; Oct-2026 = days 1-7; standard basis: Sin DEV (copy)
2025-10,cs_copy,13,additive,"fullstory, segment 'Sin DEV (copy)' sjHJR3590z6j",single-month window; Oct-2026 = days 1-7; standard basis: Sin DEV (copy)
2025-10,cs_highlight_cards,2,additive,"fullstory, segment 'Sin DEV (copy)' sjHJR3590z6j","highlights on sidebar pill cards: css [data-fs-element*=""Pills-Knowledge""]; single-month window"
2025-10,cs_highlight_detail,35,additive,"fullstory, segment 'Sin DEV (copy)' sjHJR3590z6j",single-month window; Oct-2026 = days 1-7; standard basis: Sin DEV (copy)
2025-10,cs_queries,194,additive,"fullstory, segment 'Sin DEV (copy)' sjHJR3590z6j",single-month window; Oct-2026 = days 1-7; standard basis: Sin DEV (copy)
2025-10,cs_search_bar,0,additive,"fullstory, segment 'Sin DEV (copy)' sjHJR3590z6j",single-month window; Oct-2026 = days 1-7; standard basis: Sin DEV (copy)
2025-10,cs_source_link,8,additive,"fullstory, segment 'Sin DEV (copy)' sjHJR3590z6j",single-month window; Oct-2026 = days 1-7; standard basis: Sin DEV (copy)
2025-10,os_copy,0,additive,"fullstory, segment 'Sin DEV (copy)' sjHJR3590z6j",single-month window; Oct-2026 = days 1-7; standard basis: Sin DEV (copy)
2025-10,os_highlight,0,additive,"fullstory, segment 'Sin DEV (copy)' sjHJR3590z6j",single-month window; Oct-2026 = days 1-7; standard basis: Sin DEV (copy)
2025-10,os_source_panel,53,additive,"fullstory, segment 'Sin DEV (copy)' sjHJR3590z6j",single-month window; Oct-2026 = days 1-7; standard basis: Sin DEV (copy)
2025-11,cs_chips,0,additive,"fullstory, segment 'Sin DEV (copy)' sjHJR3590z6j",single-month window; Oct-2026 = days 1-7; standard basis: Sin DEV (copy)
2025-11,cs_copy,15,additive,"fullstory, segment 'Sin DEV (copy)' sjHJR3590z6j",single-month window; Oct-2026 = days 1-7; standard basis: Sin DEV (copy)
2025-11,cs_highlight_cards,1,additive,"fullstory, segment 'Sin DEV (copy)' sjHJR3590z6j","highlights on sidebar pill cards: css [data-fs-element*=""Pills-Knowledge""]; single-month window"
2025-11,cs_highlight_detail,1,additive,"fullstory, segment 'Sin DEV (copy)' sjHJR3590z6j",single-month window; Oct-2026 = days 1-7; standard basis: Sin DEV (copy)
2025-11,cs_queries,101,additive,"fullstory, segment 'Sin DEV (copy)' sjHJR3590z6j",single-month window; Oct-2026 = days 1-7; standard basis: Sin DEV (copy)
2025-11,cs_search_bar,0,additive,"fullstory, segment 'Sin DEV (copy)' sjHJR3590z6j",single-month window; Oct-2026 = days 1-7; standard basis: Sin DEV (copy)
2025-11,cs_source_link,1,additive,"fullstory, segment 'Sin DEV (copy)' sjHJR3590z6j",single-month window; Oct-2026 = days 1-7; standard basis: Sin DEV (copy)
2025-11,os_copy,35,additive,"fullstory, segment 'Sin DEV (copy)' sjHJR3590z6j",single-month window; Oct-2026 = days 1-7; standard basis: Sin DEV (copy)
2025-11,os_highlight,124,additive,"fullstory, segment 'Sin DEV (copy)' sjHJR3590z6j",single-month window; Oct-2026 = days 1-7; standard basis: Sin DEV (copy)
2025-11,os_source_panel,152,additive,"fullstory, segment 'Sin DEV (copy)' sjHJR3590z6j",single-month window; Oct-2026 = days 1-7; standard basis: Sin DEV (copy)
2025-12,cs_chips,0,additive,"fullstory, segment 'Sin DEV (copy)' sjHJR3590z6j",single-month window; Oct-2026 = days 1-7; standard basis: Sin DEV (copy)
2025-12,cs_copy,1,additive,"fullstory, segment 'Sin DEV (copy)' sjHJR3590z6j",single-month window; Oct-2026 = days 1-7; standard basis: Sin DEV (copy)
2025-12,cs_highlight_cards,0,additive,"fullstory, segment 'Sin DEV (copy)' sjHJR3590z6j","highlights on sidebar pill cards: css [data-fs-element*=""Pills-Knowledge""]; single-month window"
2025-12,cs_highlight_detail,12,additive,"fullstory, segment 'Sin DEV (copy)' sjHJR3590z6j",single-month window; Oct-2026 = days 1-7; standard basis: Sin DEV (copy)
2025-12,cs_queries,55,additive,"fullstory, segment 'Sin DEV (copy)' sjHJR3590z6j",single-month window; Oct-2026 = days 1-7; standard basis: Sin DEV (copy)
2025-12,cs_search_bar,0,additive,"fullstory, segment 'Sin DEV (copy)' sjHJR3590z6j",single-month window; Oct-2026 = days 1-7; standard basis: Sin DEV (copy)
2025-12,cs_source_link,2,additive,"fullstory, segment 'Sin DEV (copy)' sjHJR3590z6j",single-month window; Oct-2026 = days 1-7; standard basis: Sin DEV (copy)
2025-12,os_copy,65,additive,"fullstory, segment 'Sin DEV (copy)' sjHJR3590z6j",single-month window; Oct-2026 = days 1-7; standard basis: Sin DEV (copy)
2025-12,os_highlight,131,additive,"fullstory, segment 'Sin DEV (copy)' sjHJR3590z6j",single-month window; Oct-2026 = days 1-7; standard basis: Sin DEV (copy)
2025-12,os_source_panel,104,additive,"fullstory, segment 'Sin DEV (copy)' sjHJR3590z6j",single-month window; Oct-2026 = days 1-7; standard basis: Sin DEV (copy)
2026-01,cs_chips,0,additive,"fullstory, segment 'Sin DEV (copy)' sjHJR3590z6j",single-month window; Oct-2026 = days 1-7; standard basis: Sin DEV (copy)
2026-01,cs_copy,0,additive,"fullstory, segment 'Sin DEV (copy)' sjHJR3590z6j",single-month window; Oct-2026 = days 1-7; standard basis: Sin DEV (copy)
2026-01,cs_highlight_cards,1,additive,"fullstory, segment 'Sin DEV (copy)' sjHJR3590z6j","highlights on sidebar pill cards: css [data-fs-element*=""Pills-Knowledge""]; single-month window"
2026-01,cs_highlight_detail,1,additive,"fullstory, segment 'Sin DEV (copy)' sjHJR3590z6j",single-month window; Oct-2026 = days 1-7; standard basis: Sin DEV (copy)
2026-01,cs_queries,29,additive,"fullstory, segment 'Sin DEV (copy)' sjHJR3590z6j",single-month window; Oct-2026 = days 1-7; standard basis: Sin DEV (copy)
2026-01,cs_search_bar,0,additive,"fullstory, segment 'Sin DEV (copy)' sjHJR3590z6j",single-month window; Oct-2026 = days 1-7; standard basis: Sin DEV (copy)
2026-01,cs_source_link,1,additive,"fullstory, segment 'Sin DEV (copy)' sjHJR3590z6j",single-month window; Oct-2026 = days 1-7; standard basis: Sin DEV (copy)
2026-01,os_copy,95,additive,"fullstory, segment 'Sin DEV (copy)' sjHJR3590z6j",single-month window; Oct-2026 = days 1-7; standard basis: Sin DEV (copy)
2026-01,os_highlight,181,additive,"fullstory, segment 'Sin DEV (copy)' sjHJR3590z6j",single-month window; Oct-2026 = days 1-7; standard basis: Sin DEV (copy)
2026-01,os_source_panel,36,additive,"fullstory, segment 'Sin DEV (copy)' sjHJR3590z6j",single-month window; Oct-2026 = days 1-7; standard basis: Sin DEV (copy)
2026-02,cs_chips,0,additive,"fullstory, segment 'Sin DEV (copy)' sjHJR3590z6j",single-month window; Oct-2026 = days 1-7; standard basis: Sin DEV (copy)
2026-02,cs_copy,5,additive,"fullstory, segment 'Sin DEV (copy)' sjHJR3590z6j",single-month window; Oct-2026 = days 1-7; standard basis: Sin DEV (copy)
2026-02,cs_highlight_cards,6,additive,"fullstory, segment 'Sin DEV (copy)' sjHJR3590z6j","highlights on sidebar pill cards: css [data-fs-element*=""Pills-Knowledge""]; single-month window"
2026-02,cs_highlight_detail,4,additive,"fullstory, segment 'Sin DEV (copy)' sjHJR3590z6j",single-month window; Oct-2026 = days 1-7; standard basis: Sin DEV (copy)
2026-02,cs_queries,102,additive,"fullstory, segment 'Sin DEV (copy)' sjHJR3590z6j",single-month window; Oct-2026 = days 1-7; standard basis: Sin DEV (copy)
2026-02,cs_search_bar,0,additive,"fullstory, segment 'Sin DEV (copy)' sjHJR3590z6j",single-month window; Oct-2026 = days 1-7; standard basis: Sin DEV (copy)
2026-02,cs_source_link,1,additive,"fullstory, segment 'Sin DEV (copy)' sjHJR3590z6j",single-month window; Oct-2026 = days 1-7; standard basis: Sin DEV (copy)
2026-02,os_copy,136,additive,"fullstory, segment 'Sin DEV (copy)' sjHJR3590z6j",single-month window; Oct-2026 = days 1-7; standard basis: Sin DEV (copy)
2026-02,os_highlight,341,additive,"fullstory, segment 'Sin DEV (copy)' sjHJR3590z6j",single-month window; Oct-2026 = days 1-7; standard basis: Sin DEV (copy)
2026-02,os_source_panel,102,additive,"fullstory, segment 'Sin DEV (copy)' sjHJR3590z6j",single-month window; Oct-2026 = days 1-7; standard basis: Sin DEV (copy)
2026-03,cs_chips,0,additive,"fullstory, segment 'Sin DEV (copy)' sjHJR3590z6j",single-month window; Oct-2026 = days 1-7; standard basis: Sin DEV (copy)
2026-03,cs_copy,4,additive,"fullstory, segment 'Sin DEV (copy)' sjHJR3590z6j",single-month window; Oct-2026 = days 1-7; standard basis: Sin DEV (copy)
2026-03,cs_highlight_cards,12,additive,"fullstory, segment 'Sin DEV (copy)' sjHJR3590z6j","highlights on sidebar pill cards: css [data-fs-element*=""Pills-Knowledge""]; single-month window"
2026-03,cs_highlight_detail,2,additive,"fullstory, segment 'Sin DEV (copy)' sjHJR3590z6j",single-month window; Oct-2026 = days 1-7; standard basis: Sin DEV (copy)
2026-03,cs_queries,133,additive,"fullstory, segment 'Sin DEV (copy)' sjHJR3590z6j",single-month window; Oct-2026 = days 1-7; standard basis: Sin DEV (copy)
2026-03,cs_search_bar,0,additive,"fullstory, segment 'Sin DEV (copy)' sjHJR3590z6j",single-month window; Oct-2026 = days 1-7; standard basis: Sin DEV (copy)
2026-03,cs_source_link,7,additive,"fullstory, segment 'Sin DEV (copy)' sjHJR3590z6j",single-month window; Oct-2026 = days 1-7; standard basis: Sin DEV (copy)
2026-03,os_copy,117,additive,"fullstory, segment 'Sin DEV (copy)' sjHJR3590z6j",single-month window; Oct-2026 = days 1-7; standard basis: Sin DEV (copy)
2026-03,os_highlight,445,additive,"fullstory, segment 'Sin DEV (copy)' sjHJR3590z6j",single-month window; Oct-2026 = days 1-7; standard basis: Sin DEV (copy)
2026-03,os_source_panel,61,additive,"fullstory, segment 'Sin DEV (copy)' sjHJR3590z6j",single-month window; Oct-2026 = days 1-7; standard basis: Sin DEV (copy)
2026-04,cs_chips,0,additive,"fullstory, segment 'Sin DEV (copy)' sjHJR3590z6j",single-month window; Oct-2026 = days 1-7; standard basis: Sin DEV (copy)
2026-04,cs_copy,3,additive,"fullstory, segment 'Sin DEV (copy)' sjHJR3590z6j",single-month window; Oct-2026 = days 1-7; standard basis: Sin DEV (copy)
2026-04,cs_highlight_cards,19,additive,"fullstory, segment 'Sin DEV (copy)' sjHJR3590z6j","highlights on sidebar pill cards: css [data-fs-element*=""Pills-Knowledge""]; single-month window"
2026-04,cs_highlight_detail,11,additive,"fullstory, segment 'Sin DEV (copy)' sjHJR3590z6j",single-month window; Oct-2026 = days 1-7; standard basis: Sin DEV (copy)
2026-04,cs_queries,216,additive,"fullstory, segment 'Sin DEV (copy)' sjHJR3590z6j",single-month window; Oct-2026 = days 1-7; standard basis: Sin DEV (copy)
2026-04,cs_search_bar,0,additive,"fullstory, segment 'Sin DEV (copy)' sjHJR3590z6j",single-month window; Oct-2026 = days 1-7; standard basis: Sin DEV (copy)
2026-04,cs_source_link,5,additive,"fullstory, segment 'Sin DEV (copy)' sjHJR3590z6j",single-month window; Oct-2026 = days 1-7; standard basis: Sin DEV (copy)
2026-04,os_copy,82,additive,"fullstory, segment 'Sin DEV (copy)' sjHJR3590z6j",single-month window; Oct-2026 = days 1-7; standard basis: Sin DEV (copy)
2026-04,os_highlight,341,additive,"fullstory, segment 'Sin DEV (copy)' sjHJR3590z6j",single-month window; Oct-2026 = days 1-7; standard basis: Sin DEV (copy)
2026-04,os_source_panel,39,additive,"fullstory, segment 'Sin DEV (copy)' sjHJR3590z6j",single-month window; Oct-2026 = days 1-7; standard basis: Sin DEV (copy)
2026-05,cs_chips,0,additive,"fullstory, segment 'Sin DEV (copy)' sjHJR3590z6j",single-month window; Oct-2026 = days 1-7; standard basis: Sin DEV (copy)
2026-05,cs_copy,1,additive,"fullstory, segment 'Sin DEV (copy)' sjHJR3590z6j",single-month window; Oct-2026 = days 1-7; standard basis: Sin DEV (copy)
2026-05,cs_highlight_cards,7,additive,"fullstory, segment 'Sin DEV (copy)' sjHJR3590z6j","highlights on sidebar pill cards: css [data-fs-element*=""Pills-Knowledge""]; single-month window"
2026-05,cs_highlight_detail,3,additive,"fullstory, segment 'Sin DEV (copy)' sjHJR3590z6j",single-month window; Oct-2026 = days 1-7; standard basis: Sin DEV (copy)
2026-05,cs_queries,104,additive,"fullstory, segment 'Sin DEV (copy)' sjHJR3590z6j",single-month window; Oct-2026 = days 1-7; standard basis: Sin DEV (copy)
2026-05,cs_search_bar,15,additive,"fullstory, segment 'Sin DEV (copy)' sjHJR3590z6j",single-month window; Oct-2026 = days 1-7; standard basis: Sin DEV (copy)
2026-05,cs_source_link,10,additive,"fullstory, segment 'Sin DEV (copy)' sjHJR3590z6j",single-month window; Oct-2026 = days 1-7; standard basis: Sin DEV (copy)
2026-05,os_copy,58,additive,"fullstory, segment 'Sin DEV (copy)' sjHJR3590z6j",single-month window; Oct-2026 = days 1-7; standard basis: Sin DEV (copy)
2026-05,os_highlight,147,additive,"fullstory, segment 'Sin DEV (copy)' sjHJR3590z6j",single-month window; Oct-2026 = days 1-7; standard basis: Sin DEV (copy)
2026-05,os_source_panel,46,additive,"fullstory, segment 'Sin DEV (copy)' sjHJR3590z6j",single-month window; Oct-2026 = days 1-7; standard basis: Sin DEV (copy)
2026-06,cs_chips,0,additive,"fullstory, segment 'Sin DEV (copy)' sjHJR3590z6j",single-month window; Oct-2026 = days 1-7; standard basis: Sin DEV (copy)
2026-06,cs_copy,0,additive,"fullstory, segment 'Sin DEV (copy)' sjHJR3590z6j",single-month window; Oct-2026 = days 1-7; standard basis: Sin DEV (copy)
2026-06,cs_highlight_cards,20,additive,"fullstory, segment 'Sin DEV (copy)' sjHJR3590z6j","highlights on sidebar pill cards: css [data-fs-element*=""Pills-Knowledge""]; single-month window"
2026-06,cs_highlight_detail,15,additive,"fullstory, segment 'Sin DEV (copy)' sjHJR3590z6j",single-month window; Oct-2026 = days 1-7; standard basis: Sin DEV (copy)
2026-06,cs_queries,255,additive,"fullstory, segment 'Sin DEV (copy)' sjHJR3590z6j",single-month window; Oct-2026 = days 1-7; standard basis: Sin DEV (copy)
2026-06,cs_search_bar,63,additive,"fullstory, segment 'Sin DEV (copy)' sjHJR3590z6j",single-month window; Oct-2026 = days 1-7; standard basis: Sin DEV (copy)
2026-06,cs_source_link,4,additive,"fullstory, segment 'Sin DEV (copy)' sjHJR3590z6j",single-month window; Oct-2026 = days 1-7; standard basis: Sin DEV (copy)
2026-06,os_copy,163,additive,"fullstory, segment 'Sin DEV (copy)' sjHJR3590z6j",single-month window; Oct-2026 = days 1-7; standard basis: Sin DEV (copy)
2026-06,os_highlight,316,additive,"fullstory, segment 'Sin DEV (copy)' sjHJR3590z6j",single-month window; Oct-2026 = days 1-7; standard basis: Sin DEV (copy)
2026-06,os_source_panel,47,additive,"fullstory, segment 'Sin DEV (copy)' sjHJR3590z6j",single-month window; Oct-2026 = days 1-7; standard basis: Sin DEV (copy)
2026-07,cs_chips,0,additive,"fullstory, segment 'Sin DEV (copy)' sjHJR3590z6j",single-month window; Oct-2026 = days 1-7; standard basis: Sin DEV (copy)
2026-07,cs_copy,3,additive,"fullstory, segment 'Sin DEV (copy)' sjHJR3590z6j",single-month window; Oct-2026 = days 1-7; standard basis: Sin DEV (copy)
2026-07,cs_highlight_cards,4,additive,"fullstory, segment 'Sin DEV (copy)' sjHJR3590z6j","highlights on sidebar pill cards: css [data-fs-element*=""Pills-Knowledge""]; single-month window"
2026-07,cs_highlight_detail,2,additive,"fullstory, segment 'Sin DEV (copy)' sjHJR3590z6j",single-month window; Oct-2026 = days 1-7; standard basis: Sin DEV (copy)
2026-07,cs_queries,95,additive,"fullstory, segment 'Sin DEV (copy)' sjHJR3590z6j",single-month window; Oct-2026 = days 1-7; standard basis: Sin DEV (copy)
2026-07,cs_search_bar,56,additive,"fullstory, segment 'Sin DEV (copy)' sjHJR3590z6j",single-month window; Oct-2026 = days 1-7; standard basis: Sin DEV (copy)
2026-07,cs_source_link,2,additive,"fullstory, segment 'Sin DEV (copy)' sjHJR3590z6j",single-month window; Oct-2026 = days 1-7; standard basis: Sin DEV (copy)
2026-07,os_copy,65,additive,"fullstory, segment 'Sin DEV (copy)' sjHJR3590z6j",single-month window; Oct-2026 = days 1-7; standard basis: Sin DEV (copy)
2026-07,os_highlight,190,additive,"fullstory, segment 'Sin DEV (copy)' sjHJR3590z6j",single-month window; Oct-2026 = days 1-7; standard basis: Sin DEV (copy)
2026-07,os_source_panel,29,additive,"fullstory, segment 'Sin DEV (copy)' sjHJR3590z6j",single-month window; Oct-2026 = days 1-7; standard basis: Sin DEV (copy)
2026-08,cs_chips,0,additive,"fullstory, segment 'Sin DEV (copy)' sjHJR3590z6j",single-month window; Oct-2026 = days 1-7; standard basis: Sin DEV (copy)
2026-08,cs_copy,19,additive,"fullstory, segment 'Sin DEV (copy)' sjHJR3590z6j",single-month window; Oct-2026 = days 1-7; standard basis: Sin DEV (copy)
2026-08,cs_highlight_cards,5,additive,"fullstory, segment 'Sin DEV (copy)' sjHJR3590z6j","highlights on sidebar pill cards: css [data-fs-element*=""Pills-Knowledge""]; single-month window"
2026-08,cs_highlight_detail,9,additive,"fullstory, segment 'Sin DEV (copy)' sjHJR3590z6j",single-month window; Oct-2026 = days 1-7; standard basis: Sin DEV (copy)
2026-08,cs_queries,119,additive,"fullstory, segment 'Sin DEV (copy)' sjHJR3590z6j",single-month window; Oct-2026 = days 1-7; standard basis: Sin DEV (copy)
2026-08,cs_search_bar,19,additive,"fullstory, segment 'Sin DEV (copy)' sjHJR3590z6j",single-month window; Oct-2026 = days 1-7; standard basis: Sin DEV (copy)
2026-08,cs_source_link,1,additive,"fullstory, segment 'Sin DEV (copy)' sjHJR3590z6j",single-month window; Oct-2026 = days 1-7; standard basis: Sin DEV (copy)
2026-08,os_copy,45,additive,"fullstory, segment 'Sin DEV (copy)' sjHJR3590z6j",single-month window; Oct-2026 = days 1-7; standard basis: Sin DEV (copy)
2026-08,os_highlight,141,additive,"fullstory, segment 'Sin DEV (copy)' sjHJR3590z6j",single-month window; Oct-2026 = days 1-7; standard basis: Sin DEV (copy)
2026-08,os_source_panel,21,additive,"fullstory, segment 'Sin DEV (copy)' sjHJR3590z6j",single-month window; Oct-2026 = days 1-7; standard basis: Sin DEV (copy)
2026-09,cs_chips,18,additive,"fullstory, segment 'Sin DEV (copy)' sjHJR3590z6j",single-month window; Oct-2026 = days 1-7; standard basis: Sin DEV (copy)
2026-09,cs_copy,1,additive,"fullstory, segment 'Sin DEV (copy)' sjHJR3590z6j",single-month window; Oct-2026 = days 1-7; standard basis: Sin DEV (copy)
2026-09,cs_highlight_cards,2,additive,"fullstory, segment 'Sin DEV (copy)' sjHJR3590z6j","highlights on sidebar pill cards: css [data-fs-element*=""Pills-Knowledge""]; single-month window"
2026-09,cs_highlight_detail,0,additive,"fullstory, segment 'Sin DEV (copy)' sjHJR3590z6j",single-month window; Oct-2026 = days 1-7; standard basis: Sin DEV (copy)
2026-09,cs_queries,77,additive,"fullstory, segment 'Sin DEV (copy)' sjHJR3590z6j",single-month window; Oct-2026 = days 1-7; standard basis: Sin DEV (copy)
2026-09,cs_search_bar,43,additive,"fullstory, segment 'Sin DEV (copy)' sjHJR3590z6j",single-month window; Oct-2026 = days 1-7; standard basis: Sin DEV (copy)
2026-09,cs_source_link,5,additive,"fullstory, segment 'Sin DEV (copy)' sjHJR3590z6j",single-month window; Oct-2026 = days 1-7; standard basis: Sin DEV (copy)
2026-09,os_copy,123,additive,"fullstory, segment 'Sin DEV (copy)' sjHJR3590z6j",single-month window; Oct-2026 = days 1-7; standard basis: Sin DEV (copy)
2026-09,os_highlight,392,additive,"fullstory, segment 'Sin DEV (copy)' sjHJR3590z6j",single-month window; Oct-2026 = days 1-7; standard basis: Sin DEV (copy)
2026-09,os_source_panel,22,additive,"fullstory, segment 'Sin DEV (copy)' sjHJR3590z6j",single-month window; Oct-2026 = days 1-7; standard basis: Sin DEV (copy)
2026-10,cs_chips,26,additive,"fullstory, segment 'Sin DEV (copy)' sjHJR3590z6j",single-month window; Oct-2026 = days 1-7; standard basis: Sin DEV (copy)
2026-10,cs_copy,1,additive,"fullstory, segment 'Sin DEV (copy)' sjHJR3590z6j",single-month window; Oct-2026 = days 1-7; standard basis: Sin DEV (copy)
2026-10,cs_highlight_cards,3,additive,"fullstory, segment 'Sin DEV (copy)' sjHJR3590z6j","highlights on sidebar pill cards: css [data-fs-element*=""Pills-Knowledge""]; single-month window"
2026-10,cs_highlight_detail,0,additive,"fullstory, segment 'Sin DEV (copy)' sjHJR3590z6j",single-month window; Oct-2026 = days 1-7; standard basis: Sin DEV (copy)
2026-10,cs_queries,35,additive,"fullstory, segment 'Sin DEV (copy)' sjHJR3590z6j","single-month window 2026-10-01..31 (month-to-date, computed 2026-10-08); recipe: saved metric + update_metric segment sjHJR3590z6j; Sep calibration matched ledger"
2026-10,cs_search_bar,13,additive,"fullstory, segment 'Sin DEV (copy)' sjHJR3590z6j",single-month window; Oct-2026 = days 1-7; standard basis: Sin DEV (copy)
2026-10,cs_source_link,1,additive,"fullstory, segment 'Sin DEV (copy)' sjHJR3590z6j",single-month window; Oct-2026 = days 1-7; standard basis: Sin DEV (copy)
2026-10,os_copy,14,additive,"fullstory, segment 'Sin DEV (copy)' sjHJR3590z6j","single-month window 2026-10-01..31 (month-to-date, computed 2026-10-08); recipe: saved metric + update_metric segment sjHJR3590z6j; Sep calibration matched ledger"
2026-10,os_highlight,28,additive,"fullstory, segment 'Sin DEV (copy)' sjHJR3590z6j","single-month window 2026-10-01..31 (month-to-date, computed 2026-10-08); recipe: saved metric + update_metric segment sjHJR3590z6j; Sep calibration matched ledger"
2026-10,os_source_panel,1,additive,"fullstory, segment 'Sin DEV (copy)' sjHJR3590z6j","single-month window 2026-10-01..31 (month-to-date, computed 2026-10-08); recipe: saved metric + update_metric segment sjHJR3590z6j; Sep calibration matched ledger"
2026-04,prompters,587,snapshot,see note,smoketest repo (Apr-30)
2026-04,prompts_sent,2279,snapshot,see note,console (Apr-30)
2026-04,unique_users,1357,snapshot,see note,smoketest repo (Apr-30)
2026-05,prompters,673,snapshot,see note,smoketest repo (Jun-1)
2026-05,prompts_sent,2904,snapshot,see note,console (Jun-1)
2026-05,unique_users,1574,snapshot,see note,smoketest repo (Jun-1)
2026-08,prompters,859,snapshot,smoketest AUGUST close,Aug-31 close
2026-09,prompters,923,snapshot,see note,smoketest SEPTEMBER close (drift-corrected); 859 was the Aug-31 close
2026-09,sessions,17274,snapshot,see note,anchor Sep close
2026-09,unique_users,2053,snapshot,see note,anchor Sep close
2026-10,ave_prompt,6.5,snapshot,see note,prompts_sent / prompters = 6041 / 931; calculated
2026-10,lessons_created,1559,snapshot,see note,console
2026-10,prompters,931,snapshot,see note,"923 Sep close + 8 (Oct 1-7: 926 - 918, same-day queries)"
2026-10,prompts_sent,6041,snapshot,see note,console
2026-10,returning_rate_pct,60.1,snapshot,see note,"rate, same-window numerator/denominator"
2026-10,sessions,17506,snapshot,see note,"17274 + 232 (Oct 1-7 completo; control de resta 231); recalculado 2026-10-08, antes 17479 (17274 + 205)"
2026-10,unique_users,2072,snapshot,see note,"2053 + 19 (Oct 1-7 completo; control 1924 - 1905, metrica 1123293977 igual); recalculado 2026-10-08, antes 2067 (2053 + 14)"
2026-04,avg_active_time_s,16.3,snapshot,fullstory metric vpWvDQswlPB4 + segment 'Sin DEV (copy)' sjHJR3590z6j,"average active time on page per page view (ms/1000), single-month window; average, never summed"
2026-05,avg_active_time_s,20.1,snapshot,fullstory metric vpWvDQswlPB4 + segment 'Sin DEV (copy)' sjHJR3590z6j,"average active time on page per page view (ms/1000), single-month window; average, never summed"
2026-06,avg_active_time_s,19.5,snapshot,fullstory metric vpWvDQswlPB4 + segment 'Sin DEV (copy)' sjHJR3590z6j,"average active time on page per page view (ms/1000), single-month window; average, never summed"
2026-07,avg_active_time_s,19.8,snapshot,fullstory metric vpWvDQswlPB4 + segment 'Sin DEV (copy)' sjHJR3590z6j,"average active time on page per page view (ms/1000), single-month window; average, never summed"
2026-08,avg_active_time_s,15,snapshot,fullstory metric vpWvDQswlPB4 + segment 'Sin DEV (copy)' sjHJR3590z6j,"average active time on page per page view (ms/1000), single-month window; average, never summed"
2026-09,avg_active_time_s,19.8,snapshot,fullstory metric vpWvDQswlPB4 + segment 'Sin DEV (copy)' sjHJR3590z6j,"average active time on page per page view (ms/1000), single-month window; average, never summed"
2026-10,avg_active_time_s,16.7,snapshot,fullstory metric vpWvDQswlPB4 + segment 'Sin DEV (copy)' sjHJR3590z6j,"Oct = days 1-8 (month to date); average active time on page per page view (ms/1000), single-month window; average, never summed"
